{"login": "popova-ev", "id": 68938149, "node_id": "MDQ6VXNlcjY4OTM4MTQ5", "avatar_url": "https://avatars0.githubusercontent.com/u/68938149?v=4", "gravatar_id": "", "url": "https://api.github.com/users/popova-ev", "html_url": "https://github.com/popova-ev", "followers_url": "https://api.github.com/users/popova-ev/followers", "following_url": "https://api.github.com/users/popova-ev/following{/other_user}", "gists_url": "https://api.github.com/users/popova-ev/gists{/gist_id}", "starred_url": "https://api.github.com/users/popova-ev/starred{/owner}{/repo}", "subscriptions_url": "https://api.github.com/users/popova-ev/subscriptions", "organizations_url": "https://api.github.com/users/popova-ev/orgs", "repos_url": "https://api.github.com/users/popova-ev/repos", "events_url": "https://api.github.com/users/popova-ev/events{/privacy}", "received_events_url": "https://api.github.com/users/popova-ev/received_events", "type": "User", "site_admin": false, "name": null, "company": null, "blog": "", "location": null, "email": null, "hireable": null, "bio": null, "twitter_username": null, "public_repos": 4, "public_gists": 0, "followers": 0, "following": 0, "created_at": "2020-07-29T04:40:36Z", "updated_at": "2020-08-30T17:00:11Z", "private_gists": 0, "total_private_repos": 0, "owned_private_repos": 0, "disk_usage": 514, "collaborators": 0, "two_factor_authentication": false, "plan": {"name": "free", "space": 976562499, "collaborators": 0, "private_repos": 10000}}